en	fr	es	de	it	pt	ar
Movies	Films	Películas	Filme	Film	Filmes	أفلام
Series	Séries	Series	Serien	Serie	Séries	مسلسلات
Games	Jeux	Juegos	Spiele	Giochi	Jogos	ألعاب
Favorites	Favoris	Favoritos	Favoriten	Preferiti	Favoritos	المفضلة
News	Actualités	Noticias	News	Notizie	Notícias	الأخبار
Home	Accueil	Inicio	Start	Home	Início	الرئيسية
People	Personnes	Personas	Personen	Persone	Pessoas	أشخاص
Sign in	Se connecter	Iniciar sesión	Anmelden	Accedi	Entrar	تسجيل الدخول
Sign out	Se déconnecter	Cerrar sesión	Abmelden	Esci	Sair	تسجيل الخروج
Surprise me	Surprends-moi	Sorpréndeme	Überrasch mich	Sorprendimi	Surpreenda-me	فاجئني
Can't choose? Get a good pick	Tu hésites ? Voici un bon choix	¿No sabes qué ver? Te damos una buena opción	Unentschlossen? Hier ein guter Tipp	Indeciso? Ecco una buona scelta	Indeciso? Receba uma boa sugestão	محتار؟ إليك اختيارًا جيدًا
Search any movie…	Rechercher un film…	Buscar una película…	Film suchen…	Cerca un film…	Pesquisar um filme…	ابحث عن فيلم…
Search any series…	Rechercher une série…	Buscar una serie…	Serie suchen…	Cerca una serie…	Pesquisar uma série…	ابحث عن مسلسل…
Search any game…	Rechercher un jeu…	Buscar un juego…	Spiel suchen…	Cerca un gioco…	Pesquisar um jogo…	ابحث عن لعبة…
Back	Retour	Volver	Zurück	Indietro	Voltar	رجوع
Back to the top	Revenir en haut	Volver arriba	Nach oben	Torna su	Voltar ao topo	العودة إلى الأعلى
Movie	Film	Película	Film	Film	Filme	فيلم
Game	Jeu	Juego	Spiel	Gioco	Jogo	لعبة
I want it	Je le veux	Lo quiero	Will ich	Lo voglio	Eu quero	أريده
Save	Enregistrer	Guardar	Merken	Salva	Salvar	حفظ
Saved	Enregistré	Guardado	Gemerkt	Salvato	Salvo	محفوظ
Trailer	Bande-annonce	Tráiler	Trailer	Trailer	Trailer	الإعلان
In the library	Dans la bibliothèque	En la biblioteca	In der Bibliothek	In libreria	Na biblioteca	في المكتبة
More	Plus	Más	Mehr	Altro	Mais	المزيد
Less	Moins	Menos	Weniger	Meno	Menos	أقل
Loading…	Chargement…	Cargando…	Wird geladen…	Caricamento…	Carregando…	جارٍ التحميل…
No description available.	Aucune description disponible.	Sin descripción disponible.	Keine Beschreibung verfügbar.	Nessuna descrizione disponibile.	Nenhuma descrição disponível.	لا يوجد وصف.
No description yet.	Pas encore de description.	Aún sin descripción.	Noch keine Beschreibung.	Ancora nessuna descrizione.	Ainda sem descrição.	لا يوجد وصف بعد.
Cast	Distribution	Reparto	Besetzung	Cast	Elenco	طاقم التمثيل
Directed by	Réalisé par	Dirigida por	Regie	Regia di	Dirigido por	إخراج
Written by	Écrit par	Escrita por	Drehbuch	Scritto da	Escrito por	تأليف
Created by	Créé par	Creada por	Erfunden von	Creata da	Criado por	من ابتكار
Director	Réalisateur	Director	Regie	Regista	Diretor	المخرج
More like this	Dans le même genre	Similares	Ähnliche Titel	Titoli simili	Parecidos	أعمال مشابهة
Games like this	Jeux similaires	Juegos similares	Ähnliche Spiele	Giochi simili	Jogos parecidos	ألعاب مشابهة
More from {x}	Plus de {x}	Más de {x}	Mehr von {x}	Altro di {x}	Mais de {x}	المزيد من {x}
More by {x}	Plus de {x}	Más de {x}	Mehr von {x}	Altro di {x}	Mais de {x}	المزيد من {x}
More of {x}	Plus de {x}	Más de {x}	Mehr von {x}	Altro di {x}	Mais de {x}	المزيد من {x}
Browse {x}	Parcourir {x}	Ver {x}	{x} durchsuchen	Sfoglia {x}	Ver {x}	تصفح {x}
Open on IMDb	Ouvrir sur IMDb	Abrir en IMDb	Auf IMDb öffnen	Apri su IMDb	Abrir no IMDb	افتح على IMDb
Read about it on Wikipedia	En savoir plus sur Wikipédia	Leer en Wikipedia	Auf Wikipedia lesen	Leggi su Wikipedia	Ler na Wikipédia	اقرأ عنها في ويكيبيديا
critics' score	note de la critique	nota de la crítica	Kritikerwertung	voto della critica	nota da crítica	تقييم النقاد
votes	votes	votos	Stimmen	voti	votos	صوت
Still airing	En cours de diffusion	En emisión	Läuft noch	In corso	Em exibição	لا يزال يُعرض
min per episode	min par épisode	min por episodio	Min. pro Folge	min a episodio	min por episódio	دقيقة للحلقة
season	saison	temporada	Staffel	stagione	temporada	موسم
seasons	saisons	temporadas	Staffeln	stagioni	temporadas	مواسم
episode	épisode	episodio	Folge	episodio	episódio	حلقة
episodes	épisodes	episodios	Folgen	episodi	episódios	حلقات
title	titre	título	Titel	titolo	título	عنوان
titles	titres	títulos	Titel	titoli	títulos	عنوانًا
Season {x}	Saison {x}	Temporada {x}	Staffel {x}	Stagione {x}	Temporada {x}	الموسم {x}
Episode {x}	Épisode {x}	Episodio {x}	Folge {x}	Episodio {x}	Episódio {x}	الحلقة {x}
Ep {x}	Ép. {x}	Ep. {x}	Folge {x}	Ep. {x}	Ep. {x}	حلقات {x}
Page {x}	Page {x}	Página {x}	Seite {x}	Pagina {x}	Página {x}	الصفحة {x}
Specials	Épisodes spéciaux	Especiales	Specials	Speciali	Especiais	حلقات خاصة
All episodes	Tous les épisodes	Todos los episodios	Alle Folgen	Tutti gli episodi	Todos os episódios	كل الحلقات
Episode ratings	Notes des épisodes	Notas de los episodios	Folgenbewertungen	Voti degli episodi	Notas dos episódios	تقييمات الحلقات
Click a season to see its episodes	Clique sur une saison pour voir ses épisodes	Haz clic en una temporada para ver sus episodios	Klicke auf eine Staffel, um ihre Folgen zu sehen	Clicca su una stagione per vederne gli episodi	Clique numa temporada para ver os episódios	اضغط على موسم لرؤية حلقاته
Click a row to see its episodes	Clique sur une ligne pour voir ses épisodes	Haz clic en una fila para ver sus episodios	Klicke auf eine Zeile, um die Folgen zu sehen	Clicca su una riga per vederne gli episodi	Clique numa linha para ver os episódios	اضغط على صف لرؤية حلقاته
Best	Meilleur	Mejor	Beste	Migliore	Melhor	الأفضل
Average	Moyenne	Media	Schnitt	Media	Média	المتوسط
Awesome	Génial	Increíble	Großartig	Fantastico	Incrível	رائع جدًا
Great	Très bien	Muy bueno	Sehr gut	Ottimo	Ótimo	ممتاز
Good	Bien	Bueno	Gut	Buono	Bom	جيد
Bad	Mauvais	Malo	Schlecht	Scarso	Ruim	سيئ
Garbage	Nul	Pésimo	Mies	Pessimo	Péssimo	رديء
Absolute cinema	Du grand cinéma	Cine en estado puro	Großes Kino	Puro cinema	Cinema puro	سينما خالصة
Regular	Correct	Normal	Ordentlich	Discreto	Regular	عادي
Known for	Connu pour	Conocido por	Bekannt für	Noto per	Conhecido por	اشتهر بـ
Filmography	Filmographie	Filmografía	Filmografie	Filmografia	Filmografia	الأعمال
As actor	Acteur	Como actor	Als Schauspieler	Come attore	Como ator	ممثلًا
As actress	Actrice	Como actriz	Als Schauspielerin	Come attrice	Como atriz	ممثلةً
Directed	Réalisateur	Dirección	Regie	Regia	Direção	إخراجًا
Written	Scénariste	Guion	Drehbuch	Sceneggiatura	Roteiro	تأليفًا
Born	Naissance	Nacimiento	Geboren	Nascita	Nascimento	الميلاد
Died	Décès	Fallecimiento	Gestorben	Morte	Morte	الوفاة
On Nahoko	Sur Nahoko	En Nahoko	Auf Nahoko	Su Nahoko	No Nahoko	على Nahoko
Biography from Wikipedia	Biographie de Wikipédia	Biografía de Wikipedia	Biografie aus Wikipedia	Biografia da Wikipedia	Biografia da Wikipédia	السيرة من ويكيبيديا
This person isn’t in the catalogue.	Cette personne n’est pas dans le catalogue.	Esta persona no está en el catálogo.	Diese Person ist nicht im Katalog.	Questa persona non è nel catalogo.	Esta pessoa não está no catálogo.	هذا الشخص غير موجود في الكتالوج.
Breadcrumb	Fil d’Ariane	Ruta de navegación	Brotkrumen	Percorso	Trilha	مسار التنقل
See all	Tout voir	Ver todo	Alle ansehen	Vedi tutti	Ver tudo	عرض الكل
All titles	Tous les titres	Todos los títulos	Alle Titel	Tutti i titoli	Todos os títulos	كل العناوين
All games	Tous les jeux	Todos los juegos	Alle Spiele	Tutti i giochi	Todos os jogos	كل الألعاب
Results	Résultats	Resultados	Ergebnisse	Risultati	Resultados	النتائج
Go to page	Aller à la page	Ir a la página	Gehe zu Seite	Vai alla pagina	Ir para a página	اذهب إلى الصفحة
Go	OK	Ir	Los	Vai	Ir	اذهب
Previous page	Page précédente	Página anterior	Vorherige Seite	Pagina precedente	Página anterior	الصفحة السابقة
Next page	Page suivante	Página siguiente	Nächste Seite	Pagina successiva	Próxima página	الصفحة التالية
Pages	Pages	Páginas	Seiten	Pagine	Páginas	الصفحات
Page number	Numéro de page	Número de página	Seitenzahl	Numero di pagina	Número da página	رقم الصفحة
Could not load this page	Impossible de charger cette page	No se pudo cargar esta página	Seite konnte nicht geladen werden	Impossibile caricare la pagina	Não foi possível carregar a página	تعذّر تحميل هذه الصفحة
Nothing here	Rien ici	No hay nada aquí	Hier ist nichts	Niente qui	Nada aqui	لا شيء هنا
Nothing here yet	Rien pour l’instant	Aún no hay nada	Noch nichts hier	Ancora niente	Ainda nada aqui	لا شيء بعد
Nothing matches these filters.	Rien ne correspond à ces filtres.	Nada coincide con estos filtros.	Nichts passt zu diesen Filtern.	Nessun risultato con questi filtri.	Nada corresponde a estes filtros.	لا شيء يطابق هذه الفلاتر.
Nothing matches these filters yet.	Rien ne correspond encore à ces filtres.	Aún nada coincide con estos filtros.	Noch nichts passt zu diesen Filtern.	Ancora nessun risultato con questi filtri.	Ainda nada corresponde a estes filtros.	لا شيء يطابق هذه الفلاتر بعد.
Nothing matches those filters	Rien ne correspond à ces filtres	Nada coincide con esos filtros	Nichts passt zu diesen Filtern	Nessun risultato con questi filtri	Nada corresponde a esses filtros	لا شيء يطابق هذه الفلاتر
Clear filters	Effacer les filtres	Quitar filtros	Filter löschen	Rimuovi filtri	Limpar filtros	مسح الفلاتر
Clear all	Tout effacer	Borrar todo	Alles löschen	Cancella tutto	Limpar tudo	مسح الكل
Clear search	Effacer la recherche	Borrar búsqueda	Suche löschen	Cancella ricerca	Limpar pesquisa	مسح البحث
Clear	Effacer	Borrar	Löschen	Cancella	Limpar	مسح
Filters	Filtres	Filtros	Filter	Filtri	Filtros	الفلاتر
Filter the catalogue	Filtrer le catalogue	Filtrar el catálogo	Katalog filtern	Filtra il catalogo	Filtrar o catálogo	تصفية الكتالوج
Country	Pays	País	Land	Paese	País	البلد
Genre	Genre	Género	Genre	Genere	Gênero	النوع
Decade	Décennie	Década	Jahrzehnt	Decennio	Década	العقد
Rating	Note	Nota	Bewertung	Voto	Nota	التقييم
Any country	Tous les pays	Cualquier país	Alle Länder	Qualsiasi paese	Qualquer país	كل البلدان
Any genre	Tous les genres	Cualquier género	Alle Genres	Qualsiasi genere	Qualquer gênero	كل الأنواع
Any decade	Toutes les décennies	Cualquier década	Alle Jahrzehnte	Qualsiasi decennio	Qualquer década	كل العقود
Any rating	Toutes les notes	Cualquier nota	Jede Bewertung	Qualsiasi voto	Qualquer nota	كل التقييمات
Sort	Trier	Ordenar	Sortieren	Ordina	Ordenar	ترتيب
Sort by	Trier par	Ordenar por	Sortieren nach	Ordina per	Ordenar por	ترتيب حسب
Popularity	Popularité	Popularidad	Beliebtheit	Popolarità	Popularidade	الشعبية
Newest	Plus récents	Más recientes	Neueste	Più recenti	Mais recentes	الأحدث
A to Z	De A à Z	De la A a la Z	A bis Z	Dalla A alla Z	De A a Z	أ إلى ي
Best match	Plus pertinent	Más relevante	Beste Treffer	Più pertinenti	Mais relevante	الأكثر تطابقًا
Most wanted	Les plus demandés	Los más pedidos	Am meisten gewünscht	I più richiesti	Mais pedidos	الأكثر طلبًا
Favorites only	Favoris seulement	Solo favoritos	Nur Favoriten	Solo preferiti	Só favoritos	المفضلة فقط
With a poster	Avec affiche	Con póster	Mit Poster	Con locandina	Com pôster	مع ملصق
Your favorites	Tes favoris	Tus favoritos	Deine Favoriten	I tuoi preferiti	Seus favoritos	مفضلتك
No favorites yet	Pas encore de favoris	Aún no hay favoritos	Noch keine Favoriten	Ancora nessun preferito	Ainda sem favoritos	لا مفضلات بعد
Tap the heart on any film or series to keep it here.	Touche le cœur d’un film ou d’une série pour le garder ici.	Toca el corazón de una película o serie para guardarla aquí.	Tippe auf das Herz eines Films oder einer Serie, um sie hier zu behalten.	Tocca il cuore di un film o una serie per tenerlo qui.	Toque no coração de um filme ou série para guardá-lo aqui.	اضغط على القلب في أي فيلم أو مسلسل للاحتفاظ به هنا.
Save to favorites	Ajouter aux favoris	Añadir a favoritos	Zu Favoriten	Aggiungi ai preferiti	Adicionar aos favoritos	أضف إلى المفضلة
In your favorites	Dans tes favoris	En tus favoritos	In deinen Favoriten	Nei tuoi preferiti	Nos seus favoritos	في مفضلتك
Saved to your favorites	Ajouté à tes favoris	Guardado en tus favoritos	Zu deinen Favoriten hinzugefügt	Aggiunto ai preferiti	Salvo nos seus favoritos	أُضيف إلى مفضلتك
Removed from your favorites	Retiré de tes favoris	Quitado de tus favoritos	Aus deinen Favoriten entfernt	Rimosso dai preferiti	Removido dos seus favoritos	أُزيل من مفضلتك
Favorites need an email: sign in and they follow you on every device. No password, we send you a code.	Les favoris ont besoin d’un e-mail : connecte-toi et ils te suivent sur tous tes appareils. Pas de mot de passe, on t’envoie un code.	Los favoritos necesitan un correo: inicia sesión y te seguirán en todos tus dispositivos. Sin contraseña: te enviamos un código.	Favoriten brauchen eine E-Mail: Melde dich an, dann sind sie auf allen Geräten da. Kein Passwort, wir schicken dir einen Code.	I preferiti richiedono un’email: accedi e ti seguono su ogni dispositivo. Nessuna password, ti inviamo un codice.	Os favoritos precisam de um e-mail: entre e eles acompanham você em todos os aparelhos. Sem senha, enviamos um código.	تحتاج المفضلة إلى بريد إلكتروني: سجّل الدخول وستتبعك على كل أجهزتك. بلا كلمة مرور، نرسل لك رمزًا.
Optional: only to keep your favorites	Facultatif : seulement pour garder tes favoris	Opcional: solo para guardar tus favoritos	Optional: nur, um deine Favoriten zu behalten	Facoltativo: solo per tenere i preferiti	Opcional: só para guardar seus favoritos	اختياري: فقط للاحتفاظ بمفضلتك
Optional · keeps your favorites on every device.	Facultatif · garde tes favoris sur tous tes appareils.	Opcional · guarda tus favoritos en todos tus dispositivos.	Optional · deine Favoriten auf allen Geräten.	Facoltativo · i preferiti su ogni dispositivo.	Opcional · seus favoritos em todos os aparelhos.	اختياري · يحفظ مفضلتك على كل الأجهزة.
Your favorites, everywhere	Tes favoris, partout	Tus favoritos, en todas partes	Deine Favoriten, überall	I tuoi preferiti, ovunque	Seus favoritos, em todo lugar	مفضلتك في كل مكان
Send me a code	Envoie-moi un code	Envíame un código	Code senden	Inviami un codice	Envie-me um código	أرسل لي رمزًا
Signed in	Connecté	Sesión iniciada	Angemeldet	Accesso effettuato	Conectado	تم تسجيل الدخول
Not signed in	Non connecté	Sin sesión	Nicht angemeldet	Non connesso	Não conectado	غير مسجّل الدخول
Cancel	Annuler	Cancelar	Abbrechen	Annulla	Cancelar	إلغاء
Close	Fermer	Cerrar	Schließen	Chiudi	Fechar	إغلاق
Close trailer	Fermer la bande-annonce	Cerrar tráiler	Trailer schließen	Chiudi trailer	Fechar trailer	إغلاق الإعلان
Done	Terminé	Listo	Fertig	Fatto	Pronto	تم
Apply	Appliquer	Aplicar	Anwenden	Applica	Aplicar	تطبيق
Copy	Copier	Copiar	Kopieren	Copia	Copiar	نسخ
Copied	Copié	Copiado	Kopiert	Copiato	Copiado	تم النسخ
Details	Détails	Detalles	Details	Dettagli	Detalhes	التفاصيل
Featured	À la une	Destacado	Im Fokus	In evidenza	Em destaque	مميز
Playing now	En lecture	Reproduciendo	Läuft gerade	In riproduzione	Tocando agora	يُعرض الآن
Finding the trailer…	Recherche de la bande-annonce…	Buscando el tráiler…	Trailer wird gesucht…	Cerco il trailer…	Procurando o trailer…	جارٍ البحث عن الإعلان…
No trailer found here.	Aucune bande-annonce trouvée.	No se encontró tráiler.	Kein Trailer gefunden.	Nessun trailer trovato.	Nenhum trailer encontrado.	لم يُعثر على إعلان.
Open on YouTube	Ouvrir sur YouTube	Abrir en YouTube	Auf YouTube öffnen	Apri su YouTube	Abrir no YouTube	افتح على يوتيوب
Search on YouTube	Chercher sur YouTube	Buscar en YouTube	Auf YouTube suchen	Cerca su YouTube	Pesquisar no YouTube	ابحث على يوتيوب
Sound on	Son activé	Sonido activado	Ton an	Audio attivo	Som ligado	الصوت مفعّل
Sound off	Son coupé	Sonido desactivado	Ton aus	Audio disattivato	Som desligado	الصوت مكتوم
Lucky pick	Choix au hasard	Elección al azar	Zufallstipp	Scelta a caso	Escolha surpresa	اختيار عشوائي
Another one	Un autre	Otra	Noch einer	Un altro	Outro	واحد آخر
Roll again	Relancer	Otra vez	Nochmal	Ritira	De novo	جرّب مرة أخرى
Picking from: {x}	Choix parmi : {x}	Eligiendo entre: {x}	Auswahl aus: {x}	Scelta tra: {x}	Escolhendo entre: {x}	الاختيار من: {x}
Nothing more to suggest right now	Plus rien à proposer pour l’instant	Nada más que sugerir por ahora	Gerade nichts mehr vorzuschlagen	Nient’altro da proporre per ora	Nada mais para sugerir agora	لا مزيد من الاقتراحات الآن
You have seen every suggestion for now	Tu as vu toutes les suggestions pour l’instant	Ya viste todas las sugerencias por ahora	Du hast vorerst alle Vorschläge gesehen	Hai visto tutti i suggerimenti per ora	Você já viu todas as sugestões por enquanto	لقد شاهدت كل الاقتراحات حاليًا
Looking further…	Je cherche plus loin…	Buscando más…	Suche weiter…	Cerco ancora…	Procurando mais…	أبحث أكثر…
Searching…	Recherche…	Buscando…	Suche…	Ricerca…	Pesquisando…	جارٍ البحث…
More results	Plus de résultats	Más resultados	Mehr Ergebnisse	Altri risultati	Mais resultados	نتائج أكثر
No results for “{x}”	Aucun résultat pour « {x} »	Sin resultados para «{x}»	Keine Ergebnisse für „{x}“	Nessun risultato per «{x}»	Nenhum resultado para “{x}”	لا نتائج لـ «{x}»
Loading the catalogue…	Chargement du catalogue…	Cargando el catálogo…	Katalog wird geladen…	Caricamento del catalogo…	Carregando o catálogo…	جارٍ تحميل الكتالوج…
Building the catalogue. This takes a minute or two…	Construction du catalogue, une minute ou deux…	Preparando el catálogo, un minuto o dos…	Katalog wird erstellt, ein bis zwei Minuten…	Preparo il catalogo, un minuto o due…	Montando o catálogo, um ou dois minutos…	جارٍ إعداد الكتالوج، دقيقة أو اثنتان…
Country lists are still being collected. Try again in a few minutes.	Les listes par pays sont encore en préparation. Réessaie dans quelques minutes.	Las listas por país aún se están preparando. Inténtalo en unos minutos.	Die Länderlisten werden noch gesammelt. Versuch es in ein paar Minuten.	Le liste per paese sono in preparazione. Riprova tra qualche minuto.	As listas por país ainda estão sendo montadas. Tente em alguns minutos.	ما زالت قوائم البلدان قيد الإعداد. حاول بعد دقائق.
Wishlist	Envies	Deseos	Wunschliste	Desideri	Desejos	قائمة الأمنيات
Waiting	En attente	En espera	Wartend	In attesa	Aguardando	بالانتظار
Added	Ajouté	Añadido	Hinzugefügt	Aggiunto	Adicionado	أُضيف
Mine	Les miens	Míos	Meine	Miei	Meus	طلباتي
All	Tout	Todo	Alle	Tutti	Tudo	الكل
Search the wishlist	Chercher dans les envies	Buscar en los deseos	Wunschliste durchsuchen	Cerca nei desideri	Pesquisar nos desejos	ابحث في قائمة الأمنيات
The wishlist is empty	La liste d’envies est vide	La lista de deseos está vacía	Die Wunschliste ist leer	La lista desideri è vuota	A lista de desejos está vazia	قائمة الأمنيات فارغة
All caught up	Tout est à jour	Todo al día	Alles erledigt	Tutto in pari	Tudo em dia	لا شيء متبقٍ
Nothing added yet	Rien d’ajouté pour l’instant	Aún no se ha añadido nada	Noch nichts hinzugefügt	Ancora niente aggiunto	Nada adicionado ainda	لم يُضف شيء بعد
Nothing matches	Aucun résultat	Sin coincidencias	Keine Treffer	Nessun risultato	Nada encontrado	لا توجد نتائج
Try another filter.	Essaie un autre filtre.	Prueba otro filtro.	Versuch einen anderen Filter.	Prova un altro filtro.	Tente outro filtro.	جرّب فلترًا آخر.
You haven’t asked for anything yet	Tu n’as encore rien demandé	Aún no has pedido nada	Du hast noch nichts gewünscht	Non hai ancora chiesto nulla	Você ainda não pediu nada	لم تطلب شيئًا بعد
Open Movies or Series, then tap + on anything you want to watch.	Ouvre Films ou Séries, puis touche + sur ce que tu veux regarder.	Abre Películas o Series y toca + en lo que quieras ver.	Öffne Filme oder Serien und tippe auf + bei allem, was du sehen willst.	Apri Film o Serie e tocca + su ciò che vuoi vedere.	Abra Filmes ou Séries e toque em + no que quiser assistir.	افتح الأفلام أو المسلسلات واضغط + على ما تريد مشاهدته.
The wishlist is locked	La liste d’envies est verrouillée	La lista de deseos está bloqueada	Die Wunschliste ist gesperrt	La lista desideri è bloccata	A lista de desejos está bloqueada	قائمة الأمنيات مقفلة
Already asked for	Déjà demandé	Ya pedido	Schon gewünscht	Già richiesto	Já pedido	مطلوب بالفعل
Already in the library	Déjà dans la bibliothèque	Ya en la biblioteca	Schon in der Bibliothek	Già in libreria	Já na biblioteca	موجود بالفعل في المكتبة
Asked for	Demandé	Pedido	Gewünscht	Richiesto	Pedido	مطلوب
I want this season	Je veux cette saison	Quiero esta temporada	Will diese Staffel	Voglio questa stagione	Quero esta temporada	أريد هذا الموسم
Add it to the wishlist	Ajouter aux envies	Añadir a deseos	Zur Wunschliste	Aggiungi ai desideri	Adicionar aos desejos	أضفه إلى قائمة الأمنيات
Take my vote back	Retirer mon vote	Quitar mi voto	Stimme zurücknehmen	Ritira il mio voto	Retirar meu voto	اسحب صوتي
Add my vote: I want it too	Ajouter mon vote : moi aussi	Añadir mi voto: yo también	Meine Stimme: will ich auch	Aggiungi il mio voto: anch’io	Adicionar meu voto: eu também quero	أضف صوتي: أريده أيضًا
Me too: add your vote	Moi aussi : ajoute ton vote	Yo también: añade tu voto	Ich auch: Stimme abgeben	Anch’io: aggiungi il voto	Eu também: adicione seu voto	وأنا أيضًا: أضف صوتك
Could not vote	Vote impossible	No se pudo votar	Abstimmen fehlgeschlagen	Voto non riuscito	Não foi possível votar	تعذّر التصويت
Could not add it to the wishlist	Impossible d’ajouter aux envies	No se pudo añadir a deseos	Konnte nicht zur Wunschliste hinzugefügt werden	Impossibile aggiungere ai desideri	Não foi possível adicionar aos desejos	تعذّرت الإضافة إلى قائمة الأمنيات
Already on the wishlist. Your vote was added.	Déjà dans les envies. Ton vote a été ajouté.	Ya está en deseos. Se añadió tu voto.	Schon auf der Wunschliste. Deine Stimme wurde gezählt.	Già nei desideri. Il tuo voto è stato aggiunto.	Já está nos desejos. Seu voto foi adicionado.	موجود بالفعل في القائمة. أُضيف صوتك.
Uploaded	Ajouté	Subido	Hochgeladen	Caricato	Enviado	تم الرفع
That did not work. Try again.	Ça n’a pas marché. Réessaie.	No funcionó. Inténtalo de nuevo.	Das hat nicht geklappt. Versuch es nochmal.	Non ha funzionato. Riprova.	Não funcionou. Tente de novo.	لم ينجح ذلك. حاول مرة أخرى.
Could not reach the server, try again	Serveur injoignable, réessaie	No se pudo contactar con el servidor, inténtalo de nuevo	Server nicht erreichbar, versuch es nochmal	Server non raggiungibile, riprova	Servidor inacessível, tente de novo	تعذّر الوصول إلى الخادم، حاول مجددًا
Account	Compte	Cuenta	Konto	Account	Conta	الحساب
Settings	Réglages	Ajustes	Einstellungen	Impostazioni	Configurações	الإعدادات
Watch	Regarder	Ver	Ansehen	Guarda	Assistir	شاهد
Open Jellyfin to watch	Ouvrir Jellyfin pour regarder	Abrir Jellyfin para ver	Jellyfin zum Ansehen öffnen	Apri Jellyfin per guardare	Abrir o Jellyfin para assistir	افتح Jellyfin للمشاهدة
About	À propos	Acerca de	Über uns	Chi siamo	Sobre	حول
How it works	Comment ça marche	Cómo funciona	So funktioniert’s	Come funziona	Como funciona	كيف يعمل
Contact	Contact	Contacto	Kontakt	Contatti	Contato	اتصل بنا
Privacy	Confidentialité	Privacidad	Datenschutz	Privacy	Privacidade	الخصوصية
No ads, no tracking	Sans pub, sans pistage	Sin anuncios ni rastreo	Keine Werbung, kein Tracking	Niente pubblicità né tracciamento	Sem anúncios, sem rastreamento	بلا إعلانات ولا تتبّع
Language	Langue	Idioma	Sprache	Lingua	Idioma	اللغة
Out {x}	Sortie {x}	Sale {x}	Erscheint {x}	Esce {x}	Sai {x}	يصدر {x}
Platform	Plateforme	Plataforma	Plattform	Piattaforma	Plataforma	المنصة
Top rated	Les mieux notés	Mejor valorados	Bestbewertet	I più votati	Mais bem avaliados	الأعلى تقييمًا
Popular	Populaires	Populares	Beliebt	Popolari	Populares	الأكثر شعبية
Hidden gems	Pépites méconnues	Joyas ocultas	Verborgene Perlen	Gemme nascoste	Joias escondidas	جواهر مخفية
Just released	Tout juste sortis	Recién estrenados	Gerade erschienen	Appena usciti	Lançamentos	صدر حديثًا
New and notable	Nouveautés marquantes	Novedades destacadas	Neu und sehenswert	Novità da non perdere	Novidades em destaque	جديد ولافت
Classics	Classiques	Clásicos	Klassiker	Classici	Clássicos	كلاسيكيات
Feel-good	Feel-good	Para sentirse bien	Wohlfühlfilme	Feel-good	Para se sentir bem	أعمال مبهجة
Family night	Soirée en famille	Noche en familia	Familienabend	Serata in famiglia	Noite em família	سهرة عائلية
Mind-benders	Casse-têtes	Para pensar	Kopfnüsse	Rompicapi	Para quebrar a cabeça	أعمال تحيّر العقل
Mind-bending	Casse-tête	Para pensar	Verzwickt	Rompicapo	Intrigantes	محيّرة للعقل
Edge of your seat	Suspense garanti	Al borde del asiento	Hochspannung	Col fiato sospeso	De roer as unhas	تشويق حتى النهاية
Based on true stories	Inspirés d’histoires vraies	Basadas en hechos reales	Nach wahren Begebenheiten	Tratti da storie vere	Baseados em histórias reais	مستوحاة من قصص حقيقية
Short and sweet (under 95 min)	Courts et efficaces (moins de 95 min)	Cortas y buenas (menos de 95 min)	Kurz und gut (unter 95 Min.)	Brevi e belli (meno di 95 min)	Curtos e bons (menos de 95 min)	قصيرة وجميلة (أقل من 95 دقيقة)
Golden age (1930-1959)	Âge d’or (1930-1959)	Edad de oro (1930-1959)	Goldenes Zeitalter (1930-1959)	Età dell’oro (1930-1959)	Era de ouro (1930-1959)	العصر الذهبي (1930-1959)
The silent era	Le muet	El cine mudo	Stummfilmzeit	L’epoca del muto	A era do cinema mudo	عصر السينما الصامتة
The 2000s	Les années 2000	Los 2000	Die 2000er	Gli anni 2000	Os anos 2000	الألفينات
The 90s	Les années 90	Los 90	Die 90er	Gli anni 90	Os anos 90	التسعينيات
The 80s	Les années 80	Los 80	Die 80er	Gli anni 80	Os anos 80	الثمانينيات
The 70s	Les années 70	Los 70	Die 70er	Gli anni 70	Os anos 70	السبعينيات
The 60s	Les années 60	Los 60	Die 60er	Gli anni 60	Os anos 60	الستينيات
Binge-worthy	À dévorer	Para maratonear	Zum Durchschauen	Da maratona	Para maratonar	تستحق المشاهدة المتواصلة
Prestige drama	Grands drames	Drama de prestigio	Prestige-Drama	Drammi d’autore	Dramas de prestígio	دراما راقية
Sitcoms	Sitcoms	Comedias de situación	Sitcoms	Sitcom	Sitcoms	مسلسلات كوميدية
Miniseries	Mini-séries	Miniseries	Miniserien	Miniserie	Minisséries	مسلسلات قصيرة
Docuseries	Séries documentaires	Docuseries	Dokuserien	Docuserie	Séries documentais	مسلسلات وثائقية
True crime	Faits divers	Crímenes reales	True Crime	True crime	Crimes reais	جرائم حقيقية
Reality	Téléréalité	Telerrealidad	Reality	Reality	Reality	تلفزيون الواقع
Animated	Animation	Animación	Animiert	Animazione	Animação	رسوم متحركة
Anime	Anime	Anime	Anime	Anime	Anime	أنمي
Action and adventure	Action et aventure	Acción y aventura	Action und Abenteuer	Azione e avventura	Ação e aventura	أكشن ومغامرة
Sci-Fi and fantasy	Science-fiction et fantasy	Ciencia ficción y fantasía	Science-Fiction und Fantasy	Fantascienza e fantasy	Ficção científica e fantasia	خيال علمي وفانتازيا
Film noir	Film noir	Cine negro	Film noir	Noir	Filme noir	فيلم نوار
Action	Action	Acción	Action	Azione	Ação	أكشن
Adventure	Aventure	Aventura	Abenteuer	Avventura	Aventura	مغامرة
Animation	Animation	Animación	Animation	Animazione	Animação	رسوم متحركة
Biography	Biographie	Biografía	Biografie	Biografico	Biografia	سيرة ذاتية
Comedy	Comédie	Comedia	Komödie	Commedia	Comédia	كوميديا
Crime	Policier	Crimen	Krimi	Crime	Crime	جريمة
Documentary	Documentaire	Documental	Dokumentarfilm	Documentario	Documentário	وثائقي
Drama	Drame	Drama	Drama	Drammatico	Drama	دراما
Family	Famille	Familia	Familie	Famiglia	Família	عائلي
Fantasy	Fantasy	Fantasía	Fantasy	Fantasy	Fantasia	فانتازيا
Film-Noir	Film noir	Cine negro	Film noir	Noir	Filme noir	فيلم نوار
History	Histoire	Historia	Geschichte	Storico	História	تاريخي
Horror	Horreur	Terror	Horror	Horror	Terror	رعب
Music	Musique	Música	Musik	Musica	Música	موسيقى
Musical	Comédie musicale	Musical	Musical	Musical	Musical	موسيقي استعراضي
Mystery	Mystère	Misterio	Mystery	Mistero	Mistério	غموض
Romance	Romance	Romance	Liebesfilm	Sentimentale	Romance	رومانسي
Sci-Fi	Science-fiction	Ciencia ficción	Science-Fiction	Fantascienza	Ficção científica	خيال علمي
Sport	Sport	Deporte	Sport	Sport	Esporte	رياضة
Thriller	Thriller	Suspense	Thriller	Thriller	Suspense	إثارة
War	Guerre	Bélico	Krieg	Guerra	Guerra	حرب
Western	Western	Western	Western	Western	Faroeste	غرب أمريكي
Reality-TV	Téléréalité	Telerrealidad	Reality-TV	Reality	Reality show	تلفزيون الواقع
Talk-Show	Talk-show	Programa de entrevistas	Talkshow	Talk show	Talk show	برنامج حواري
Game-Show	Jeu télévisé	Concurso	Spielshow	Quiz	Game show	برنامج مسابقات
Short	Court métrage	Cortometraje	Kurzfilm	Cortometraggio	Curta-metragem	فيلم قصير
TV series	Série TV	Serie de TV	TV-Serie	Serie TV	Série de TV	مسلسل تلفزيوني
{x} min per episode	{x} min par épisode	{x} min por episodio	{x} Min. pro Folge	{x} min a episodio	{x} min por episódio	{x} دقيقة للحلقة
More categories	Plus de catégories	Más categorías	Weitere Kategorien	Altre categorie	Mais categorias	فئات أخرى
Tidy	Ranger	Ordenar	Ordnen	Riordina	Organizar	ترتيب
Wikipedia	Wikipédia	Wikipedia	Wikipedia	Wikipedia	Wikipédia	ويكيبيديا
